"lesson","topic","n","mean_pct","sd_pct","median_pct","q25_pct","q75_pct","pct_perfect","pct_ge90","max_used","max_exact","n_anytime","mean_pct_anytime"
1,"Messtheorie/Deskriptivstatistik f<U+00FC>r nominal- und ordinalskalierte Variablen",25,67.833332316,17.6397998069237,66.6666667,55.5555539166667,79.1666650333333,4,16,6,TRUE,264,71.6172125521465
2,"Deskriptivstatistik f<U+00FC>r metrische Variablen",25,63.6,22.6623770450792,70,50,80,0,12,5,TRUE,230,65.1304347826087
3,"Wahrscheinlichkeitstheorie I: Mengen, kombinatorische Modelle, Wahrscheinlichkeiten",18,59.9206349206349,20.05810553631,63.0952380952381,42.8571428571429,78.5714285714286,0,5.55555555555556,10.5,FALSE,242,52.9811097992916
4,"Wahrscheinlichkeitstheorie II: Bedingte Wahrscheinlichkeit, Bayes-Theorem und Diskrete Zufallsvariablen",23,37.0599751552795,28.5337356770159,28.5714285714286,19.0475714285714,61.9047142857143,0,0,7,TRUE,237,34.1972344786016
5,"Wahrscheinlichkeitstheorie III: Weitere Verteilungen diskreter Zufallsvariablen / Stetige Zufallsvariablen",26,53.0769230769231,30.1687561253998,55,32.5,80,3.84615384615385,11.5384615384615,10,TRUE,230,49.4347826086956
6,"Grundlagen der Inferenzstatistik I: Hypothesentests und Arten von Wahrscheinlichkeiten beim statistischen Schliessen",32,65.9375,19.4039196239882,67.5,53.75,80,6.25,12.5,5,TRUE,248,62.6814516129032
7,"Grundlagen der Inferenzstatistik II: Testen an Stichproben, Effektgr<U+00F6>ssen und Testst<U+00E4>rke",28,67.3469387755102,22.4558499759584,71.4285714285714,57.1428571428571,85.7142857142857,10.7142857142857,14.2857142857143,7,TRUE,233,58.0012262415696
8,"Grundlagen der Inferenzstatistik III: Parametersch<U+00E4>tzung: G<U+00FC>tekriterien, Konfidenzintervalle und t-Test",23,29.1924968944099,18.0646813731875,28.5714285714286,14.2857142857143,42.8571428571429,0,0,3.5,FALSE,229,33.3956519026825
9,"Zweistichproben-t-Tests f<U+00FC>r unabh<U+00E4>ngige und f<U+00FC>r abh<U+00E4>ngige Stichproben",33,56.4934112554113,23.1781489744343,57.1427142857143,42.857,71.4284285714286,0,6.06060606060606,7,TRUE,205,59.6166271777004
10,"Produkt-Moment-Korrelation",24,60.2805555555556,24.3041798092361,63.1083333333333,44.6541666666667,85.1291666666667,0,8.33333333333333,6,TRUE,205,55.6623577235772
11,"H<U+00E4>ufigkeitstests/Anteilstests f<U+00FC>r eine Stichprobe",21,58.7301587301587,27.6982989946272,66.6666666666667,33.3333333333333,77.7777777777778,4.76190476190476,4.76190476190476,4.5,TRUE,196,57.7097505668934
12,"H<U+00E4>ufigkeitstests/Anteilstests f<U+00FC>r zwei Stichproben",18,73.8095238095238,18.8186518290409,78.5714285714286,58.9285714285714,85.7142857142857,11.1111111111111,22.2222222222222,7,TRUE,166,70.0946643717728
13,NA,5,62.6566499067367,19.0028343719498,67.41851263491,46.240632313923,76.1904833512482,0,0,13.299976,FALSE,87,67.3105291196827
