"scenario","n_weeks","completion","k_items","base_acc","gain","n_sims","n_fit_failed","power","power_mcse","mean_est_pp","sd_est_pp","singular_full","used_full","used_uncorr","used_intonly","mean_sd_slope","ceiling_ctrl","mean_sd_ctrl","mean_n_obs","d_equiv","extra_correct_per_quiz"
1,8,0.3,5,0.58,0,500,0,0.052,0.00992935043192655,0.0377630950364719,1.46530003914127,0.356,0.636,0.16,0.204,0.0687248508000484,0.12311883299461,0.268173402272993,960.1,NA,0
2,10,0.3,5,0.58,0,500,0,0.042,0.00897061870775924,-0.16354007787358,1.3220638078244,0.34,0.656,0.152,0.192,0.0651169147186174,0.12951298382196,0.266740292203125,1198.882,NA,0
3,12,0.3,5,0.58,0,500,0,0.044,0.00917213170424411,-0.00677042945400894,1.21085364904835,0.316,0.668,0.136,0.196,0.0586802145279865,0.124922811152347,0.266940580732038,1441.432,NA,0
4,8,0.6,5,0.58,0,500,0,0.046,0.00936845771725528,-0.0154411848267091,1.02410328958825,0.252,0.722,0.128,0.15,0.0518871672109687,0.127854167122432,0.267244661122348,1918.13,NA,0
5,10,0.6,5,0.58,0,500,0,0.054,0.0101078187557949,-0.00577277558903461,0.936724816040221,0.25,0.74,0.12,0.14,0.0492577567482525,0.125302929405417,0.267627333734998,2400.978,NA,0
6,12,0.6,5,0.58,0,500,0,0.048,0.00955991631762538,0.026539105578724,0.820365064770818,0.17,0.816,0.086,0.098,0.0473359849300829,0.12475632357634,0.267729793362215,2878.348,NA,0
7,8,0.9,5,0.58,0,500,0,0.044,0.00917213170424411,-0.0538269977279903,0.776800781597136,0.166,0.81,0.116,0.074,0.046955751317164,0.129232715975157,0.26616587993436,2880.372,NA,0
8,10,0.9,5,0.58,0,500,0,0.042,0.00897061870775924,-0.0111951532432599,0.726983013380176,0.108,0.864,0.088,0.048,0.044872191909174,0.124873540064795,0.267328585626454,3600.516,NA,0
9,12,0.9,5,0.58,0,500,0,0.048,0.00955991631762538,0.00213640921251671,0.672101205666185,0.104,0.846,0.09,0.064,0.0427146271361469,0.125669479896754,0.268287135170393,4319.788,NA,0
10,8,0.3,8,0.58,0,500,0,0.054,0.0101078187557949,-0.0180799586804806,1.23269558640728,0.34,0.65,0.172,0.178,0.0605606773031947,0.0560871761040738,0.235328214554981,961.2,NA,0
11,10,0.3,8,0.58,0,500,0,0.054,0.0101078187557949,0.0269340633672603,1.05155685384706,0.294,0.676,0.172,0.152,0.054800228464738,0.0556379689928613,0.235278853225494,1198.18,NA,0
12,12,0.3,8,0.58,0,500,0,0.036,0.0083311463797007,0.0604119217420344,0.990419899931978,0.248,0.734,0.128,0.138,0.0508266468401277,0.0571841319165072,0.236353816308557,1441.052,NA,0
13,8,0.6,8,0.58,0,500,0,0.056,0.0102824121683582,-0.0131554823818334,0.830275071867484,0.204,0.784,0.088,0.128,0.0480349169842996,0.0549177455532117,0.234718793861047,1921.468,NA,0
14,10,0.6,8,0.58,0,500,0,0.048,0.00955991631762538,0.0301243035630753,0.724917905896354,0.132,0.858,0.098,0.044,0.0450741277844006,0.0565737534057361,0.235953109056683,2401.258,NA,0
15,12,0.6,8,0.58,0,500,0,0.062,0.0107848041243223,0.00857899943957742,0.719817694434196,0.092,0.896,0.064,0.04,0.0443217385360939,0.0548460082509384,0.234938124998352,2878.642,NA,0
16,8,0.9,8,0.58,0,500,0,0.052,0.00992935043192655,-0.000703000527382716,0.684205960216501,0.098,0.882,0.062,0.056,0.0430165283534849,0.0574650341839117,0.234888914088109,2879.06,NA,0
17,10,0.9,8,0.58,0,500,0,0.052,0.00992935043192655,0.0243358731100403,0.605299316510024,0.046,0.94,0.034,0.026,0.0426297981329809,0.0561409033005065,0.234811284872303,3599.474,NA,0
18,12,0.9,8,0.58,0,500,0,0.028,0.00737780455149091,-0.0112463264908335,0.56189815344742,0.014,0.974,0.024,0.002,0.0412043979333381,0.0567481964953974,0.235916960600029,4318.664,NA,0
19,8,0.3,12,0.58,0,500,0,0.04,0.00876356092008266,-0.018156455578342,1.02527124609744,0.256,0.73,0.134,0.136,0.0541923587105522,0.0246649015108297,0.214321658626537,960.366,NA,0
20,10,0.3,12,0.58,0,500,0,0.07,0.0114105214604767,0.0372812746084874,0.950953397426923,0.214,0.76,0.128,0.112,0.0485211785038069,0.0240719653812655,0.214681881076182,1202.674,NA,0
21,12,0.3,12,0.58,0,500,0,0.06,0.0106207344378814,0.0559024042245024,0.866711060725933,0.176,0.814,0.1,0.086,0.0457816311921893,0.0240306439373674,0.216070371708242,1440.406,NA,0
22,8,0.6,12,0.58,0,500,0,0.042,0.00897061870775924,0.00643195096103637,0.694014174402765,0.108,0.874,0.074,0.052,0.0434177806327176,0.0247188750822653,0.215658410697269,1919.992,NA,0
23,10,0.6,12,0.58,0,500,0,0.044,0.00917213170424411,-0.0139466415232327,0.620614773851998,0.052,0.934,0.044,0.022,0.0426322236036962,0.0246035101533313,0.216047371370146,2402.576,NA,0
24,12,0.6,12,0.58,0,500,0,0.042,0.00897061870775924,-0.0323477256732546,0.567369296278966,0.034,0.952,0.036,0.012,0.0428101780857545,0.0241531235305015,0.215499881450426,2878.234,NA,0
25,8,0.9,12,0.58,0,500,0,0.046,0.00936845771725528,0.0193467471149691,0.546365590300944,0.032,0.962,0.024,0.014,0.0417965968512913,0.0236763154085907,0.215110026288448,2879.692,NA,0
26,10,0.9,12,0.58,0,500,0,0.05,0.00974679434480896,0.0288562896035391,0.525471954302947,0.014,0.966,0.026,0.008,0.041318231637758,0.0242936944887643,0.215556877816565,3600.352,NA,0
27,12,0.9,12,0.58,0,500,0,0.052,0.00992935043192655,0.021476870436564,0.473021870505138,0,0.974,0.026,0,0.0417210897902906,0.0242693390485602,0.216758978263633,4320.546,NA,0
28,8,0.3,5,0.58,0.02,500,0,0.272,0.0199005527561422,2.06184287638568,1.46634473735949,0.402,0.592,0.132,0.276,0.0715121004553417,0.123044027490652,0.265729574144391,959.072,0.0752644867038116,0.1
29,10,0.3,5,0.58,0.02,500,0,0.336,0.0211236360506424,2.0434073658026,1.33994503557173,0.354,0.632,0.146,0.222,0.0616136697037154,0.125309641353483,0.268328345097092,1199.924,0.0745355470841635,0.1
30,12,0.3,5,0.58,0.02,500,0,0.354,0.0213861637513604,1.93408913778248,1.25702635826007,0.298,0.686,0.12,0.194,0.058965062892092,0.12591561506003,0.267174688587611,1442.026,0.0748573905175215,0.1
31,8,0.6,5,0.58,0.02,500,0,0.5,0.0223606797749979,1.97523714050027,1.06626464084669,0.25,0.728,0.106,0.166,0.0524514258309708,0.127359332602943,0.266991864822265,1920.378,0.0749086494201382,0.1
32,10,0.6,5,0.58,0.02,500,0,0.572,0.022127629787214,1.96917853479603,0.922431109555977,0.206,0.782,0.102,0.116,0.0499096722163017,0.125655721634716,0.267605491397243,2398.988,0.0747368818762814,0.1
33,12,0.6,5,0.58,0.02,500,0,0.676,0.020929596269398,2.00455867714621,0.843618280988481,0.206,0.77,0.1,0.13,0.0450849906074627,0.127810147058409,0.267527789983968,2879.182,0.07475858863559,0.1
34,8,0.9,5,0.58,0.02,500,0,0.702,0.0204546327270865,2.05089486174067,0.832959185191225,0.158,0.826,0.074,0.1,0.0467151773886006,0.12547450332075,0.267263696891774,2879.558,0.0748324603475751,0.1
35,10,0.9,5,0.58,0.02,500,0,0.756,0.0192074985357282,1.97503150609805,0.72526840906708,0.124,0.846,0.084,0.07,0.0437321426587492,0.127031864835635,0.267225334104103,3601.156,0.0748432032728178,0.1
36,12,0.9,5,0.58,0.02,500,0,0.836,0.0165592270351004,2.04034976609415,0.702285634731671,0.088,0.896,0.062,0.042,0.0427047948196786,0.125007139740441,0.267912075204794,4319.404,0.0746513571092748,0.1
37,8,0.3,8,0.58,0.02,500,0,0.344,0.0212444816364156,1.99269663030529,1.26729340376496,0.316,0.666,0.138,0.196,0.0569730079768719,0.0560343603101979,0.235062503614016,960.364,0.0850837530125221,0.16
38,10,0.3,8,0.58,0.02,500,0,0.482,0.0223461853567896,2.06491215596542,1.06970154125658,0.31,0.682,0.124,0.194,0.0549352332747162,0.055969172982355,0.235114186402041,1201.054,0.085065049906433,0.16
39,12,0.3,8,0.58,0.02,500,0,0.528,0.0223255906976725,2.04263257330737,0.929944148957998,0.272,0.712,0.122,0.166,0.0516682388877021,0.0573804687427462,0.235650072693893,1440.926,0.0848716054757165,0.16
40,8,0.6,8,0.58,0.02,500,0,0.666,0.0210923682880799,1.98146698540955,0.841808488724507,0.196,0.786,0.092,0.122,0.0463519908994628,0.0558663671917619,0.234452723430493,1918.858,0.0853050444770341,0.16
41,10,0.6,8,0.58,0.02,500,0,0.76,0.0190997382181013,1.92979426049737,0.744219883347375,0.138,0.856,0.054,0.09,0.0451297873277559,0.0571178117761262,0.235001407682453,2400.888,0.08510587318279,0.16
42,12,0.6,8,0.58,0.02,500,0,0.858,0.0156099967969247,2.01194617845078,0.665620324313226,0.074,0.916,0.046,0.038,0.0429329158823815,0.0575133659320546,0.235612537590592,2880.25,0.0848851262522907,0.16
43,8,0.9,8,0.58,0.02,500,0,0.862,0.01542439626047,2.02440883108719,0.659125754601844,0.08,0.91,0.05,0.04,0.0430415365112399,0.0549726732964934,0.234150780270329,2880.34,0.08541504741906,0.16
44,10,0.9,8,0.58,0.02,500,0,0.888,0.014103616557465,1.94731351017759,0.604010714502552,0.046,0.942,0.032,0.026,0.0428524713716591,0.0563246484536002,0.235632390388457,3599.138,0.0848779744033855,0.16
45,12,0.9,8,0.58,0.02,500,0,0.95,0.00974679434480897,2.00583280376764,0.557961879373563,0.028,0.964,0.018,0.018,0.0416545630274663,0.0572880240125651,0.235287937555655,4320.206,0.0850022326166603,0.16
46,8,0.3,12,0.58,0.02,500,0,0.462,0.0222960086114085,1.95891293108505,1.03314278365123,0.24,0.74,0.102,0.158,0.053058454717696,0.0233183171133477,0.213875295539035,960.066,0.0935124365326699,0.24
47,10,0.3,12,0.58,0.02,500,0,0.588,0.0220116332878776,1.9962452162281,0.998696901049987,0.192,0.786,0.086,0.128,0.0503524180576235,0.0233351479526573,0.216529588477094,1199.814,0.0923661294544773,0.24
48,12,0.3,12,0.58,0.02,500,0,0.648,0.0213586516428355,1.9997755835738,0.820946981462424,0.156,0.828,0.07,0.102,0.0460357146673394,0.0243850098641011,0.21595293607766,1437.404,0.0926127718532511,0.24
49,8,0.6,12,0.58,0.02,500,0,0.82,0.0171813852759316,2.00021114532295,0.702344002106836,0.096,0.896,0.056,0.048,0.0438066927989315,0.0241685148423482,0.214989167008153,1919.512,0.0930279431206945,0.24
50,10,0.6,12,0.58,0.02,500,0,0.892,0.0138806339912844,2.00784810463994,0.619147715036032,0.0460000000000001,0.938,0.032,0.03,0.0422059374478597,0.0247711566280905,0.215463253792982,2403.184,0.0928232524475664,0.24
51,12,0.6,12,0.58,0.02,500,0,0.914,0.0125382614424808,1.96791000833197,0.590642645433546,0.036,0.954,0.028,0.018,0.0401249934551982,0.0238441317478862,0.216227017527262,2877.642,0.0924953792949505,0.24
52,8,0.9,12,0.58,0.02,500,0,0.958,0.00897061870775924,2.04779492632935,0.574380910388187,0.036,0.946,0.032,0.022,0.0406201591285662,0.0237765027888922,0.214011963876204,2880.488,0.0934527193609096,0.24
53,10,0.9,12,0.58,0.02,500,0,0.964,0.0083311463797007,2.03208909995667,0.553651387089901,0.01,0.98,0.018,0.002,0.0416849250197325,0.0232646558115766,0.216724433562301,3600.582,0.0922830881191374,0.24
54,12,0.9,12,0.58,0.02,500,0,0.988,0.00486949689393063,2.00888896928826,0.465887291610475,0,0.984,0.016,0,0.0411766156399603,0.0244863165521514,0.215689463018743,4320.334,0.0927259019522065,0.24
55,8,0.3,5,0.58,0.04,500,0,0.782,0.0184648855940133,4.02313544292404,1.49814638321124,0.368,0.628,0.134,0.238,0.0646050823668659,0.126186366449455,0.266738432510808,957.916,0.149959642573738,0.2
56,10,0.3,5,0.58,0.04,500,0,0.852,0.0158805541465026,4.03221748603587,1.34125838251609,0.346,0.652,0.09,0.258,0.0624555615388481,0.126203172955578,0.267290546727325,1201.478,0.149649886573826,0.2
57,12,0.3,5,0.58,0.04,500,0,0.896,0.013651666564929,3.93131691106635,1.27255954149702,0.322,0.66,0.09,0.25,0.0591575706749273,0.125716386810943,0.268064117767349,1439.244,0.14921803161554,0.2
58,8,0.6,5,0.58,0.04,500,0,0.974,0.00711674082709214,4.0426954002502,1.03541052218702,0.25,0.742,0.078,0.18,0.0512354390094392,0.124325722137327,0.26705791483644,1920.36,0.149780245324308,0.2
59,10,0.6,5,0.58,0.04,500,0,0.988,0.00486949689393063,3.97676633236517,0.914400470995957,0.274,0.708,0.06,0.232,0.0498803802971564,0.125762576492254,0.267792564503422,2396.456,0.149369345165253,0.2
60,12,0.6,5,0.58,0.04,500,0,0.998,0.00199799899899875,3.94736778969252,0.82894948336445,0.206,0.78,0.07,0.15,0.0462332450881208,0.126149043771293,0.267982573768292,2878.83,0.149263436937454,0.2
61,8,0.9,5,0.58,0.04,500,0,0.996,0.00282276460230038,3.98400228940762,0.814085364661343,0.21,0.764,0.094,0.142,0.0456589881833873,0.127265478108634,0.266616930966756,2879.706,0.150027981550007,0.2
62,10,0.9,5,0.58,0.04,500,0,1,0,4.04670721774803,0.742081029526168,0.138,0.848,0.056,0.096,0.0429697695510801,0.124598674219511,0.267579640182781,3599.942,0.149488204605838,0.2
63,12,0.9,5,0.58,0.04,500,0,1,0,3.91708185337578,0.660723336881511,0.0939999999999999,0.876,0.056,0.068,0.0437956280008336,0.126870857854414,0.267529821464624,4320.726,0.149516041916431,0.2
64,8,0.3,8,0.58,0.04,500,0,0.888,0.014103616557465,4.00958505461016,1.25673077995207,0.324,0.666,0.102,0.232,0.0608247700881918,0.0552624488038464,0.234496429981485,960.696,0.170578289840738,0.32
65,10,0.3,8,0.58,0.04,500,0,0.962,0.0085505555375075,3.94280824301118,1.00593861968649,0.284,0.694,0.094,0.212,0.0534738656237139,0.0556236377595836,0.235590119525658,1198.252,0.169786407343979,0.32
66,12,0.3,8,0.58,0.04,500,0,0.976,0.00684455988358638,3.94444260785384,0.997922092095894,0.302,0.676,0.11,0.214,0.0511420656906731,0.057072280509526,0.235720153201274,1440.644,0.169692745642522,0.32
67,8,0.6,8,0.58,0.04,500,0,1,0,4.0005176090037,0.812757673405242,0.174,0.808,0.062,0.13,0.0463078277559738,0.0568549171730536,0.235999907253645,1920.192,0.169491592032743,0.32
68,10,0.6,8,0.58,0.04,500,0,0.998,0.00199799899899875,4.00157582765554,0.765799300396417,0.136,0.848,0.05,0.102,0.0438121527351685,0.0557809956210326,0.235082614640091,2398.892,0.170152948405987,0.32
69,12,0.6,8,0.58,0.04,500,0,1,0,3.98028368872167,0.709343703916978,0.098,0.876,0.056,0.068,0.0436367117282508,0.0569613079494095,0.235915036208997,2879.894,0.169552567071495,0.32
70,8,0.9,8,0.58,0.04,500,0,1,0,3.99288845152827,0.721433193260009,0.0919999999999999,0.886,0.062,0.052,0.0425410795579594,0.0567158262603324,0.235225222418849,2879.406,0.170049791381533,0.32
71,10,0.9,8,0.58,0.04,500,0,1,0,3.98136962863184,0.630572014446986,0.044,0.944,0.022,0.034,0.0413322776477228,0.0562756844330862,0.2360262586806,3600.838,0.169472668946253,0.32
72,12,0.9,8,0.58,0.04,500,0,1,0,4.02231427309629,0.558572524016622,0.0180000000000001,0.966,0.022,0.012,0.0410088722538258,0.0562742155500105,0.23592859143232,4321.13,0.169542825467487,0.32
73,8,0.3,12,0.58,0.04,500,0,0.982,0.005945754788082,4.08541899329614,1.00042161677487,0.238,0.74,0.106,0.154,0.050857882473005,0.0238390320383816,0.215373762926224,960.09,0.185723643662677,0.48
74,10,0.3,12,0.58,0.04,500,0,0.994,0.00345369367489359,4.02096679142093,0.903562361733251,0.196,0.788,0.082,0.13,0.0484438996303261,0.0236811967302632,0.216190243189268,1197.586,0.185022225841068,0.48
75,12,0.3,12,0.58,0.04,500,0,0.998,0.00199799899899875,3.97859888639178,0.874208918849057,0.172,0.818,0.072,0.11,0.0450092636980945,0.0238110182980377,0.215887448313771,1440.466,0.185281730422159,0.48
76,8,0.6,12,0.58,0.04,500,0,1,0,3.9881410210842,0.732314014064501,0.142,0.832,0.07,0.098,0.043191524792515,0.0242986042599561,0.215277958866002,1919.322,0.185806295315619,0.48
77,10,0.6,12,0.58,0.04,500,0,1,0,4.03760779850578,0.629219395233647,0.068,0.92,0.044,0.036,0.0411181733953166,0.0233451827671212,0.215113384241496,2400.642,0.185948448261565,0.48
78,12,0.6,12,0.58,0.04,500,0,1,0,4.03146822134139,0.584680054377385,0.04,0.95,0.022,0.028,0.0416311307220171,0.0242783438704288,0.215694473243462,2879.568,0.185447496166722,0.48
79,8,0.9,12,0.58,0.04,500,0,1,0,3.97520374646661,0.589397840540519,0.04,0.95,0.022,0.028,0.0416318704333867,0.0236905037343704,0.215390674427251,2879.636,0.185709061482651,0.48
80,10,0.9,12,0.58,0.04,500,0,1,0,3.99147335554632,0.520784094565162,0.00999999999999999,0.984,0.012,0.004,0.0419998689291308,0.0240415267814156,0.215566382992815,3600.378,0.185557689676192,0.48
81,12,0.9,12,0.58,0.04,500,0,1,0,3.99143151233152,0.472867711776604,0.006,0.986,0.01,0.004,0.0412505659476705,0.0247369058297838,0.216754146956831,4320.672,0.184540875280077,0.48
82,8,0.3,5,0.58,0.06,500,0,0.982,0.005945754788082,6.03799008892969,1.51073199683887,0.344,0.646,0.074,0.28,0.0710779812577025,0.122423518823161,0.266525668052869,957.714,0.225119030517159,0.3
83,10,0.3,5,0.58,0.06,500,0,0.994,0.00345369367489359,6.04127855123404,1.33382580915773,0.334,0.662,0.06,0.278,0.0622472949686685,0.126648887858023,0.267739833025661,1198.738,0.224098145285126,0.3
84,12,0.3,5,0.58,0.06,500,0,0.996,0.00282276460230038,6.19335414795335,1.16316870808805,0.308,0.682,0.06,0.258,0.0579389050764183,0.126357191702606,0.267810014696335,1440.964,0.224039418645463,0.3
85,8,0.6,5,0.58,0.06,500,0,1,0,5.9681099950447,1.03370411455682,0.288,0.696,0.054,0.25,0.0523079752523187,0.127709409498816,0.26650535988119,1919.814,0.2251361849786,0.3
86,10,0.6,5,0.58,0.06,500,0,1,0,6.02344313049693,0.921906360066067,0.244,0.74,0.074,0.186,0.0477942949696615,0.123552803437214,0.267247063450634,2400.53,0.224511353746206,0.3
87,12,0.6,5,0.58,0.06,500,0,1,0,6.04465306705785,0.83826890850407,0.192,0.786,0.056,0.158,0.0460453239889772,0.125505374075576,0.268712964355492,2879.952,0.223286584418842,0.3
88,8,0.9,5,0.58,0.06,500,0,1,0,6.10612204741817,0.856018352378386,0.192,0.796,0.054,0.15,0.0447198198916227,0.124738521501852,0.266150115653055,2880.148,0.225436685807096,0.3
89,10,0.9,5,0.58,0.06,500,0,1,0,5.97328517398552,0.764423038995925,0.16,0.824,0.046,0.13,0.044006007677834,0.127291084931449,0.266907637312612,3600.88,0.22479686457876,0.3
90,12,0.9,5,0.58,0.06,500,0,1,0,6.03597281490675,0.650888900976567,0.062,0.896,0.05,0.054,0.0428898164304737,0.123562168954699,0.268361909010045,4318.866,0.223578674862363,0.3
91,8,0.3,8,0.58,0.06,500,0,1,0,6.04542100038946,1.22068771639822,0.324,0.67,0.074,0.256,0.0570634243996936,0.0546774168759489,0.235651046920545,963.016,0.254613763800635,0.48
92,10,0.3,8,0.58,0.06,500,0,1,0,5.98170050113193,1.10589133309671,0.278,0.682,0.074,0.244,0.054440467584546,0.0564542391549334,0.235564439517857,1198.976,0.254707374860167,0.48
93,12,0.3,8,0.58,0.06,500,0,1,0,5.94281574519663,1.02338153870433,0.238,0.736,0.074,0.19,0.0517111820758201,0.0562124638316505,0.235306766234274,1441.354,0.254986292830455,0.48
94,8,0.6,8,0.58,0.06,500,0,1,0,6.03570878405688,0.84840179379056,0.164,0.82,0.04,0.14,0.0458326189105815,0.0564290460343539,0.235227913553608,1918.822,0.2550717688797,0.48
95,10,0.6,8,0.58,0.06,500,0,1,0,5.9928220862548,0.833765222826809,0.156,0.824,0.052,0.124,0.0430119292407357,0.0571244418456697,0.235025442286211,2397.72,0.255291509788684,0.48
96,12,0.6,8,0.58,0.06,500,0,1,0,6.04537565630214,0.680388162362173,0.096,0.89,0.032,0.078,0.0433947638545863,0.0553701391354402,0.235712428027929,2880.826,0.254547460657827,0.48
97,8,0.9,8,0.58,0.06,500,0,1,0,6.05737533882995,0.68360119271288,0.1,0.88,0.028,0.092,0.0433314291468838,0.0540498376388562,0.234135310979581,2879.97,0.256262072341718,0.48
98,10,0.9,8,0.58,0.06,500,0,1,0,5.98908786156685,0.635273085471316,0.054,0.908,0.046,0.046,0.041306341407799,0.0573565016684824,0.235609533353679,3600.3,0.254658625845723,0.48
99,12,0.9,8,0.58,0.06,500,0,1,0,5.95830154481147,0.591677319608873,0.032,0.944,0.024,0.032,0.0405820370181318,0.0567861242041343,0.23624390661047,4320.046,0.253974804518158,0.48
100,8,0.3,12,0.58,0.06,500,0,1,0,6.0804704883493,1.11424343216352,0.288,0.708,0.058,0.234,0.0524929469734951,0.0240020788220232,0.215518372768131,959.152,0.278398538506748,0.72
101,10,0.3,12,0.58,0.06,500,0,1,0,5.97368476525172,0.943569852749155,0.218,0.764,0.06,0.176,0.0464161066703545,0.0235500226021999,0.215234373991778,1199.58,0.278765881523608,0.72
102,12,0.3,12,0.58,0.06,500,0,1,0,6.01097241104647,0.852184659174435,0.186,0.798,0.046,0.156,0.0475469108489098,0.0247874667549741,0.216192161848426,1440.098,0.277530875712629,0.72
103,8,0.6,12,0.58,0.06,500,0,1,0,5.99190120434983,0.74044461749141,0.106,0.886,0.024,0.09,0.0413261110599844,0.0239331628479641,0.214289187426843,1921.668,0.279995461835813,0.72
104,10,0.6,12,0.58,0.06,500,0,1,0,6.00544615438171,0.635813652196854,0.056,0.922,0.024,0.054,0.0409272816988639,0.0238282828556723,0.215342732439294,2400.304,0.278625609141067,0.72
105,12,0.6,12,0.58,0.06,500,0,1,0,6.01744196548642,0.625780602792264,0.038,0.95,0.012,0.038,0.0406005069460066,0.0238204143397735,0.216540193114452,2876.902,0.277084818005529,0.72
106,8,0.9,12,0.58,0.06,500,0,1,0,6.02404932267368,0.629780970817986,0.022,0.966,0.014,0.02,0.0411150504187129,0.0246298969573042,0.215657613715444,2879.466,0.278218788413234,0.72
107,10,0.9,12,0.58,0.06,500,0,1,0,5.97584101815799,0.558182517626732,0.012,0.98,0.012,0.008,0.0397382555295283,0.0245727883222074,0.21592063437468,3598.742,0.277879880140977,0.72
108,12,0.9,12,0.58,0.06,500,0,1,0,6.01548957314182,0.50425810683824,0.00799999999999999,0.976,0.018,0.006,0.0405261105875454,0.0235520136902471,0.216266215415742,4320.092,0.277435843988198,0.72
