"check","gain","sigma_delta","dcomp","sigma_slope","n_ok","power","mean_est_pp","bias_pp","used_full","used_uncorr","used_intonly","mean_sd_slope","completion_access","completion_control"
"A_topic_heterogeneity",0,0,0,0.2,400,0.06,-0.0634920261111108,-0.0634920261111108,0.8775,0.0775,0.045,0.044106810083571,0.59928375,0.60052
"A_topic_heterogeneity",0.02,0,0,0.2,400,0.725,1.88706507376774,-0.112934926232262,0.825,0.1125,0.0625,0.0445291080630331,0.59981125,0.599385
"A_topic_heterogeneity",0.04,0,0,0.2,400,0.9975,3.9167036663962,-0.0832963336037953,0.8725,0.0475,0.08,0.0425196019401139,0.59896125,0.6005025
"A_topic_heterogeneity",0,0.1,0,0.2,400,0.16,-0.140163718245119,-0.140163718245119,0.8525,0.0925,0.055,0.0452422728000976,0.599605,0.60023125
"A_topic_heterogeneity",0.02,0.1,0,0.2,400,0.695,1.98912564655915,-0.0108743534408453,0.85,0.0525,0.0975,0.045445564283011,0.60016875,0.59994
"A_topic_heterogeneity",0.04,0.1,0,0.2,400,0.995,3.97284751361224,-0.027152486387759,0.8475,0.045,0.1075,0.0441408533762039,0.600205,0.60071875
"A_topic_heterogeneity",0,0.2,0,0.2,400,0.3575,-0.117555872628176,-0.117555872628176,0.81,0.1075,0.0825,0.0426779836431295,0.5986725,0.60017375
"A_topic_heterogeneity",0.02,0.2,0,0.2,400,0.645,1.98716106681844,-0.0128389331815637,0.8325,0.07,0.0975,0.0414417582353516,0.60048875,0.599425
"A_topic_heterogeneity",0.04,0.2,0,0.2,400,0.96,3.94621367678225,-0.0537863232177506,0.8175,0.055,0.1275,0.043082868698708,0.6005325,0.59992625
"B_differential_completion",0,0,0,0.2,400,0.0575,-0.0794891535106569,-0.0794891535106569,0.87,0.0625,0.0675,0.0454204232229561,0.59920125,0.60040125
"B_differential_completion",0.04,0,0,0.2,400,0.9975,3.92216596287589,-0.0778340371241124,0.8325,0.0625,0.105,0.0423078111642088,0.60022375,0.60012375
"B_differential_completion",0,0,0.3,0.2,400,0.0625,-0.158415498157631,-0.158415498157631,0.8575,0.0775,0.065,0.0438047511798122,0.6688125,0.6006775
"B_differential_completion",0.04,0,0.3,0.2,400,0.9975,3.86129270546853,-0.138707294531468,0.88,0.025,0.095,0.0431886738567368,0.66720625,0.59979875
"B_differential_completion",0,0,0.6,0.2,400,0.06,-0.20123917784694,-0.20123917784694,0.8725,0.085,0.0425,0.0438524924529219,0.72890375,0.59989125
"B_differential_completion",0.04,0,0.6,0.2,400,1,3.85568668161921,-0.144313318380793,0.885,0.0475,0.0675,0.0449190653071301,0.730895,0.59942
"C_student_heterogeneity",0,0,0,0,400,0.055,0.0328212643307183,0.0328212643307183,0.4775,0.115,0.4075,0.0300669996271626,0.6004075,0.60099125
"C_student_heterogeneity",0.02,0,0,0,400,0.77,1.98497565462859,-0.0150243453714134,0.4475,0.0875,0.465,0.032488164692845,0.60033,0.5991175
"C_student_heterogeneity",0,0,0,0.2,400,0.05,-0.0763898872761516,-0.0763898872761516,0.8725,0.075,0.0525,0.0450220259475364,0.59983375,0.5996
"C_student_heterogeneity",0.02,0,0,0.2,400,0.7825,1.99793272532509,-0.00206727467490682,0.8425,0.07,0.0875,0.0450886188076231,0.59993,0.60112375
"C_student_heterogeneity",0,0,0,0.4,400,0.045,-0.213789473650094,-0.213789473650094,0.9925,0.0075,0,0.0829688784260191,0.59938875,0.59919
"C_student_heterogeneity",0.02,0,0,0.4,400,0.5625,1.77518492464515,-0.224815075354847,0.995,0.005,0,0.0824315662279724,0.59995,0.600205
"D_topic_slope_model",0,0,0,0.2,400,0.045,-0.0623922409594486,-0.0623922409594486,0.3125,0.12,0.5675,0.0145769322289255,0.5997175,0.59944125
"D_topic_slope_model",0.02,0,0,0.2,400,0.65,1.9606448538133,-0.0393551461866978,0.2975,0.0925,0.61,0.015368925290647,0.59920625,0.599775
"D_topic_slope_model",0.04,0,0,0.2,400,1,3.91027817001812,-0.08972182998188,0.285,0.11,0.605,0.0158120213804908,0.600725,0.60078625
"D_topic_slope_model",0,0.1,0,0.2,400,0.08,-0.0417998114454674,-0.0417998114454674,0.6175,0.14,0.2425,0.0224965061567568,0.59985625,0.59971375
"D_topic_slope_model",0.02,0.1,0,0.2,400,0.38,1.86207091393802,-0.137929086061984,0.6775,0.105,0.2175,0.0227243445993967,0.59964,0.59871875
"D_topic_slope_model",0.04,0.1,0,0.2,400,0.955,4.00244652277867,0.00244652277866866,0.6475,0.085,0.2675,0.0220502829894038,0.5988475,0.599795
"D_topic_slope_model",0,0.2,0,0.2,400,0.0475,-0.0190871845766524,-0.0190871845766524,0.82,0.0975,0.0825,0.0407376533269856,0.6000675,0.59951125
"D_topic_slope_model",0.02,0.2,0,0.2,400,0.195,1.85829994323727,-0.141700056762733,0.7625,0.115,0.1225,0.0402100625711362,0.6005375,0.60030625
"D_topic_slope_model",0.04,0.2,0,0.2,400,0.6325,3.9012098295995,-0.0987901704005041,0.8025,0.075,0.1225,0.0385747292154203,0.59906,0.5991025
"E_random_topic_model",0,0,0,0.2,400,0.0425,-0.10760614402913,-0.10760614402913,0.8625,0.07,0.0675,0.0450371105242079,0.59940625,0.59974125
"E_random_topic_model",0.02,0,0,0.2,400,0.7125,1.86817078335566,-0.131829216644341,0.8575,0.0875,0.055,0.0424213379755028,0.59892,0.60157875
"E_random_topic_model",0.04,0,0,0.2,400,0.9975,4.01947121654071,0.0194712165407056,0.8,0.0575,0.1425,0.0451969136388274,0.59988125,0.59993875
"E_random_topic_model",0,0.1,0,0.2,400,0.1425,-0.044526579642007,-0.044526579642007,0.815,0.115,0.07,0.0436668731698166,0.60016875,0.5988125
"E_random_topic_model",0.02,0.1,0,0.2,400,0.6825,1.94118613792477,-0.0588138620752302,0.83,0.0775,0.0925,0.0442346955307452,0.6000425,0.59911625
"E_random_topic_model",0.04,0.1,0,0.2,400,0.995,3.96181135588829,-0.0381886441117141,0.8375,0.065,0.0975,0.0444812077531984,0.6004675,0.60080625
"E_random_topic_model",0,0.2,0,0.2,400,0.3,-0.0151696195759245,-0.0151696195759245,0.815,0.11,0.075,0.0425975517403773,0.59992,0.5999175
"E_random_topic_model",0.02,0.2,0,0.2,400,0.6475,1.97410929145189,-0.0258907085481118,0.7925,0.0825,0.125,0.0437743402196569,0.60011375,0.59980125
"E_random_topic_model",0.04,0.2,0,0.2,400,0.9525,3.91082009324805,-0.0891799067519516,0.815,0.075,0.11,0.0411555882532157,0.60074,0.60049625
